"","onetsoccode","title","teleworkable","isco88"
"1","11-1011.00","Chief Executives",1,"1120"
"2","11-1011.03","Chief Sustainability Officers",1,"1120"
"3","11-1021.00","General and Operations Managers",1,"1222"
"4","11-2011.00","Advertising and Promotions Managers",1,"1234"
"5","11-2021.00","Marketing Managers",1,"1233"
"6","11-2022.00","Sales Managers",1,"1233"
"7","11-2031.00","Public Relations and Fundraising Managers",1,"1227"
"8","11-3011.00","Administrative Services Managers",1,"1231"
"9","11-3021.00","Computer and Information Systems Managers",1,"1236"
"10","11-3031.01","Treasurers and Controllers",1,"1231"
"11","11-3031.02","Financial Managers, Branch or Department",1,"1231"
"12","11-3051.00","Industrial Production Managers",0,"1222"
"13","11-3051.01","Quality Control Systems Managers",0,"1222"
"14","11-3051.02","Geothermal Production Managers",0,"1222"
"15","11-3051.03","Biofuels Production Managers",0,"1222"
"16","11-3051.04","Biomass Power Plant Managers",0,"1222"
"17","11-3051.06","Hydroelectric Production Managers",0,"1222"
"18","11-3061.00","Purchasing Managers",1,"1235"
"19","11-3071.01","Transportation Managers",1,"3422"
"20","11-3071.02","Storage and Distribution Managers",0,"3422"
"21","11-3071.03","Logistics Managers",1,"3422"
"22","11-3111.00","Compensation and Benefits Managers",1,"1232"
"23","11-3121.00","Human Resources Managers",1,"1142"
"24","11-3131.00","Training and Development Managers",1,"1232"
"25","11-9013.01","Nursery and Greenhouse Managers",0,"1221"
"26","11-9013.02","Farm and Ranch Managers",0,"1221"
"27","11-9013.03","Aquacultural Managers",0,"1221"
"28","11-9021.00","Construction Managers",0,"1223"
"29","11-9031.00","Education Administrators, Preschool and Childcare Center/Program",0,"1319"
"30","11-9032.00","Education Administrators, Elementary and Secondary School",1,"1319"
"31","11-9033.00","Education Administrators, Postsecondary",1,"1319"
"32","11-9039.01","Distance Learning Coordinators",1,"1319"
"33","11-9039.02","Fitness and Wellness Coordinators",1,"1319"
"34","11-9041.00","Architectural and Engineering Managers",1,"1237"
"35","11-9041.01","Biofuels/Biodiesel Technology and Product Development Managers",0,"1237"
"36","11-9051.00","Food Service Managers",0,"1225"
"37","11-9061.00","Funeral Service Managers",0,"5143"
"38","11-9071.00","Gaming Managers",0,"1319"
"39","11-9081.00","Lodging Managers",0,"1315"
"40","11-9111.00","Medical and Health Services Managers",1,"1237"
"41","11-9121.00","Natural Sciences Managers",1,"1237"
"42","11-9121.01","Clinical Research Coordinators",1,"1237"
"43","11-9121.02","Water Resource Specialists",1,"1237"
"44","11-9131.00","Postmasters and Mail Superintendents",1,"1226"
"45","11-9141.00","Property, Real Estate, and Community Association Managers",1,"1317"
"46","11-9151.00","Social and Community Service Managers",1,"1318"
"47","11-9161.00","Emergency Management Directors",0,"1120"
"48","11-9199.01","Regulatory Affairs Managers",1,"1143"
"49","11-9199.02","Compliance Managers",1,"1143"
"50","11-9199.03","Investment Fund Managers",1,"1143"
"51","11-9199.04","Supply Chain Managers",1,"1143"
"52","11-9199.07","Security Managers",1,"1143"
"53","11-9199.08","Loss Prevention Managers",1,"1143"
"54","11-9199.09","Wind Energy Operations Managers",0,"1143"
"55","11-9199.10","Wind Energy Project Managers",1,"1143"
"56","11-9199.11","Brownfield Redevelopment Specialists and Site Managers",1,"1143"
"57","13-1011.00","Agents and Business Managers of Artists, Performers, and Athletes",1,"3419"
"58","13-1021.00","Buyers and Purchasing Agents, Farm Products",1,"3416"
"59","13-1022.00","Wholesale and Retail Buyers, Except Farm Products",1,"3416"
"60","13-1023.00","Purchasing Agents, Except Wholesale, Retail, and Farm Products",1,"3416"
"61","13-1031.01","Claims Examiners, Property and Casualty Insurance",1,"3412"
"62","13-1031.02","Insurance Adjusters, Examiners, and Investigators",1,"3412"
"63","13-1032.00","Insurance Appraisers, Auto Damage",0,"3417"
"64","13-1041.01","Environmental Compliance Inspectors",0,"2352"
"65","13-1041.02","Licensing Examiners and Inspectors",0,"2352"
"66","13-1041.03","Equal Opportunity Representatives and Officers",1,"2352"
"67","13-1041.04","Government Property Inspectors and Investigators",1,"2352"
"68","13-1041.06","Coroners",0,"2352"
"69","13-1041.07","Regulatory Affairs Specialists",1,"2352"
"70","13-1051.00","Cost Estimators",1,"2419"
"71","13-1071.00","Human Resources Specialists",1,"2412"
"72","13-1074.00","Farm Labor Contractors",1,"9211"
"73","13-1075.00","Labor Relations Specialists",1,"2412"
"74","13-1081.00","Logisticians",1,"1316"
"75","13-1081.01","Logistics Engineers",1,"1316"
"76","13-1081.02","Logistics Analysts",1,"1316"
"77","13-1111.00","Management Analysts",1,"2419"
"78","13-1121.00","Meeting, Convention, and Event Planners",0,"3414"
"79","13-1131.00","Fundraisers",0,"3417"
"80","13-1141.00","Compensation, Benefits, and Job Analysis Specialists",1,"2412"
"81","13-1151.00","Training and Development Specialists",1,"2412"
"82","13-1161.00","Market Research Analysts and Marketing Specialists",1,"3439"
"83","13-1199.01","Energy Auditors",0,"3439"
"84","13-1199.02","Security Management Specialists",1,"3439"
"85","13-1199.03","Customs Brokers",1,"3439"
"86","13-1199.04","Business Continuity Planners",1,"3439"
"87","13-1199.05","Sustainability Specialists",1,"3439"
"88","13-1199.06","Online Merchants",1,"3439"
"89","13-2011.01","Accountants",1,"2411"
"90","13-2011.02","Auditors",1,"2411"
"91","13-2021.01","Assessors",1,"3417"
"92","13-2021.02","Appraisers, Real Estate",1,"3417"
"93","13-2031.00","Budget Analysts",1,"2419"
"94","13-2041.00","Credit Analysts",1,"2419"
"95","13-2051.00","Financial Analysts",1,"3421"
"96","13-2052.00","Personal Financial Advisors",1,"2419"
"97","13-2053.00","Insurance Underwriters",1,"3412"
"98","13-2061.00","Financial Examiners",1,"3421"
"99","13-2071.00","Credit Counselors",1,"2419"
"100","13-2071.01","Loan Counselors",1,"2419"
"101","13-2072.00","Loan Officers",0,"2419"
"102","13-2081.00","Tax Examiners and Collectors, and Revenue Agents",0,"3442"
"103","13-2082.00","Tax Preparers",0,"3419"
"104","13-2099.01","Financial Quantitative Analysts",1,"3419"
"105","13-2099.02","Risk Management Specialists",1,"3419"
"106","13-2099.04","Fraud Examiners, Investigators and Analysts",1,"3419"
"107","15-1111.00","Computer and Information Research Scientists",1,"2131"
"108","15-1121.00","Computer Systems Analysts",1,"2131"
"109","15-1121.01","Informatics Nurse Specialists",1,"2131"
"110","15-1122.00","Information Security Analysts",1,"2131"
"111","15-1131.00","Computer Programmers",1,"2132"
"112","15-1132.00","Software Developers, Applications",1,"2131"
"113","15-1133.00","Software Developers, Systems Software",1,"2131"
"114","15-1134.00","Web Developers",1,"2131"
"115","15-1141.00","Database Administrators",1,"2131"
"116","15-1142.00","Network and Computer Systems Administrators",1,"2131"
"117","15-1143.00","Computer Network Architects",1,"2131"
"118","15-1143.01","Telecommunications Engineering Specialists",1,"2131"
"119","15-1151.00","Computer User Support Specialists",1,"3121"
"120","15-1152.00","Computer Network Support Specialists",1,"2131"
"121","15-1199.01","Software Quality Assurance Engineers and Testers",1,"2131"
"122","15-1199.02","Computer Systems Engineers/Architects",1,"2131"
"123","15-1199.03","Web Administrators",1,"2131"
"124","15-1199.04","Geospatial Information Scientists and Technologists",1,"2131"
"125","15-1199.05","Geographic Information Systems Technicians",1,"2131"
"126","15-1199.06","Database Architects",1,"2131"
"127","15-1199.07","Data Warehousing Specialists",1,"2131"
"128","15-1199.08","Business Intelligence Analysts",1,"2131"
"129","15-1199.09","Information Technology Project Managers",1,"2131"
"130","15-1199.10","Search Marketing Strategists",1,"2131"
"131","15-1199.11","Video Game Designers",1,"2131"
"132","15-1199.12","Document Management Specialists",1,"2131"
"133","15-2011.00","Actuaries",1,"2121"
"134","15-2021.00","Mathematicians",1,"2121"
"135","15-2031.00","Operations Research Analysts",1,"2121"
"136","15-2041.00","Statisticians",1,"2122"
"137","15-2041.01","Biostatisticians",1,"2122"
"138","15-2041.02","Clinical Data Managers",1,"2122"
"139","15-2091.00","Mathematical Technicians",1,"3434"
"140","17-1011.00","Architects, Except Landscape and Naval",1,"2141"
"141","17-1012.00","Landscape Architects",1,"2141"
"142","17-1021.00","Cartographers and Photogrammetrists",1,"2148"
"143","17-1022.00","Surveyors",0,"2148"
"144","17-1022.01","Geodetic Surveyors",1,"2148"
"145","17-2011.00","Aerospace Engineers",1,"2121"
"146","17-2021.00","Agricultural Engineers",0,"2121"
"147","17-2031.00","Biomedical Engineers",1,"2211"
"148","17-2041.00","Chemical Engineers",0,"2121"
"149","17-2051.00","Civil Engineers",1,"2142"
"150","17-2051.01","Transportation Engineers",1,"2149"
"151","17-2061.00","Computer Hardware Engineers",1,"2144"
"152","17-2071.00","Electrical Engineers",1,"2143"
"153","17-2072.00","Electronics Engineers, Except Computer",1,"2144"
"154","17-2072.01","Radio Frequency Identification Device Specialists",1,"2144"
"155","17-2081.00","Environmental Engineers",1,"2149"
"156","17-2081.01","Water/Wastewater Engineers",1,"2149"
"157","17-2111.01","Industrial Safety and Health Engineers",0,"2149"
"158","17-2111.02","Fire-Prevention and Protection Engineers",1,"2149"
"159","17-2111.03","Product Safety Engineers",0,"2149"
"160","17-2112.00","Industrial Engineers",0,"2145"
"161","17-2112.01","Human Factors Engineers and Ergonomists",1,"2145"
"162","17-2121.01","Marine Engineers",0,"3141"
"163","17-2121.02","Marine Architects",1,"3141"
"164","17-2131.00","Materials Engineers",0,"2147"
"165","17-2141.00","Mechanical Engineers",0,"2145"
"166","17-2141.01","Fuel Cell Engineers",0,"2149"
"167","17-2141.02","Automotive Engineers",1,"2149"
"168","17-2151.00","Mining and Geological Engineers, Including Mining Safety Engineers",0,"2147"
"169","17-2161.00","Nuclear Engineers",0,"2149"
"170","17-2171.00","Petroleum Engineers",1,"2147"
"171","17-2199.01","Biochemical Engineers",0,"2149"
"172","17-2199.02","Validation Engineers",0,"2149"
"173","17-2199.03","Energy Engineers",0,"2149"
"174","17-2199.04","Manufacturing Engineers",0,"2149"
"175","17-2199.05","Mechatronics Engineers",1,"2149"
"176","17-2199.06","Microsystems Engineers",1,"2149"
"177","17-2199.07","Photonics Engineers",1,"2149"
"178","17-2199.08","Robotics Engineers",0,"2149"
"179","17-2199.09","Nanosystems Engineers",0,"2149"
"180","17-2199.10","Wind Energy Engineers",1,"2149"
"181","17-2199.11","Solar Energy Systems Engineers",1,"2149"
"182","17-3011.01","Architectural Drafters",1,"3118"
"183","17-3011.02","Civil Drafters",1,"3118"
"184","17-3012.01","Electronic Drafters",1,"3118"
"185","17-3012.02","Electrical Drafters",1,"3118"
"186","17-3013.00","Mechanical Drafters",1,"3118"
"187","17-3021.00","Aerospace Engineering and Operations Technicians",0,"3119"
"188","17-3022.00","Civil Engineering Technicians",1,"3112"
"189","17-3023.01","Electronics Engineering Technicians",0,"3113"
"190","17-3023.03","Electrical Engineering Technicians",0,"3113"
"191","17-3024.00","Electro-Mechanical Technicians",0,"3113"
"192","17-3024.01","Robotics Technicians",0,"3113"
"193","17-3025.00","Environmental Engineering Technicians",0,"3117"
"194","17-3026.00","Industrial Engineering Technicians",0,"3119"
"195","17-3027.00","Mechanical Engineering Technicians",0,"3115"
"196","17-3027.01","Automotive Engineering Technicians",0,"3115"
"197","17-3029.01","Non-Destructive Testing Specialists",0,"3116"
"198","17-3029.02","Electrical Engineering Technologists",0,"3116"
"199","17-3029.03","Electromechanical Engineering Technologists",0,"3116"
"200","17-3029.04","Electronics Engineering Technologists",0,"3116"
"201","17-3029.05","Industrial Engineering Technologists",0,"3116"
"202","17-3029.06","Manufacturing Engineering Technologists",0,"3116"
"203","17-3029.07","Mechanical Engineering Technologists",0,"3116"
"204","17-3029.08","Photonics Technicians",0,"3116"
"205","17-3029.09","Manufacturing Production Technicians",0,"3116"
"206","17-3029.11","Nanotechnology Engineering Technologists",0,"3116"
"207","17-3029.12","Nanotechnology Engineering Technicians",0,"3116"
"208","17-3031.01","Surveying Technicians",0,"3119"
"209","17-3031.02","Mapping Technicians",1,"3119"
"210","19-1011.00","Animal Scientists",1,"2211"
"211","19-1012.00","Food Scientists and Technologists",0,"2211"
"212","19-1013.00","Soil and Plant Scientists",1,"2211"
"213","19-1020.01","Biologists",1,"2211"
"214","19-1021.00","Biochemists and Biophysicists",0,"2211"
"215","19-1022.00","Microbiologists",0,"2211"
"216","19-1023.00","Zoologists and Wildlife Biologists",1,"2211"
"217","19-1029.01","Bioinformatics Scientists",1,"2211"
"218","19-1029.02","Molecular and Cellular Biologists",0,"2211"
"219","19-1029.03","Geneticists",1,"2211"
"220","19-1031.01","Soil and Water Conservationists",1,"2211"
"221","19-1031.02","Range Managers",0,"2211"
"222","19-1031.03","Park Naturalists",0,"2211"
"223","19-1032.00","Foresters",0,"2213"
"224","19-1041.00","Epidemiologists",1,"2211"
"225","19-1042.00","Medical Scientists, Except Epidemiologists",1,"2211"
"226","19-2011.00","Astronomers",1,"2111"
"227","19-2012.00","Physicists",1,"2111"
"228","19-2021.00","Atmospheric and Space Scientists",1,"2112"
"229","19-2031.00","Chemists",0,"2113"
"230","19-2032.00","Materials Scientists",0,"2147"
"231","19-2041.00","Environmental Scientists and Specialists, Including Health",1,"2221"
"232","19-2041.01","Climate Change Analysts",1,"2221"
"233","19-2041.02","Environmental Restoration Planners",1,"2221"
"234","19-2041.03","Industrial Ecologists",1,"2221"
"235","19-2042.00","Geoscientists, Except Hydrologists and Geographers",1,"2114"
"236","19-2043.00","Hydrologists",1,"2213"
"237","19-2099.01","Remote Sensing Scientists and Technologists",1,"2111"
"238","19-3011.00","Economists",1,"2441"
"239","19-3011.01","Environmental Economists",1,"2441"
"240","19-3022.00","Survey Researchers",1,"3460"
"241","19-3031.01","School Psychologists",1,"2445"
"242","19-3031.02","Clinical Psychologists",1,"2445"
"243","19-3031.03","Counseling Psychologists",1,"2445"
"244","19-3032.00","Industrial-Organizational Psychologists",1,"2445"
"245","19-3039.01","Neuropsychologists and Clinical Neuropsychologists",1,"2445"
"246","19-3041.00","Sociologists",1,"2442"
"247","19-3051.00","Urban and Regional Planners",0,"2141"
"248","19-3091.01","Anthropologists",1,"2442"
"249","19-3091.02","Archeologists",1,"2442"
"250","19-3092.00","Geographers",1,"2442"
"251","19-3093.00","Historians",0,"2443"
"252","19-3094.00","Political Scientists",1,"2443"
"253","19-3099.01","Transportation Planners",1,"2446"
"254","19-4011.01","Agricultural Technicians",0,"7415"
"255","19-4011.02","Food Science Technicians",0,"7415"
"256","19-4021.00","Biological Technicians",0,"3211"
"257","19-4031.00","Chemical Technicians",0,"3111"
"258","19-4041.01","Geophysical Data Technicians",1,"3119"
"259","19-4041.02","Geological Sample Test Technicians",0,"3119"
"260","19-4051.01","Nuclear Equipment Operation Technicians",0,"3119"
"261","19-4051.02","Nuclear Monitoring Technicians",0,"3119"
"262","19-4061.00","Social Science Research Assistants",1,"3460"
"263","19-4061.01","City and Regional Planning Aides",0,"3460"
"264","19-4091.00","Environmental Science and Protection Technicians, Including Health",0,"3211"
"265","19-4092.00","Forensic Science Technicians",0,"3211"
"266","19-4093.00","Forest and Conservation Technicians",0,"3211"
"267","19-4099.01","Quality Control Analysts",0,"3111"
"268","19-4099.02","Precision Agriculture Technicians",1,"3111"
"269","19-4099.03","Remote Sensing Technicians",1,"3111"
"270","21-1011.00","Substance Abuse and Behavioral Disorder Counselors",1,"3460"
"271","21-1012.00","Educational, Guidance, School, and Vocational Counselors",1,"3460"
"272","21-1013.00","Marriage and Family Therapists",1,"3460"
"273","21-1014.00","Mental Health Counselors",0,"3460"
"274","21-1015.00","Rehabilitation Counselors",1,"3460"
"275","21-1021.00","Child, Family, and School Social Workers",0,"2446"
"276","21-1022.00","Healthcare Social Workers",0,"2446"
"277","21-1023.00","Mental Health and Substance Abuse Social Workers",0,"2446"
"278","21-1091.00","Health Educators",0,"3222"
"279","21-1092.00","Probation Officers and Correctional Treatment Specialists",1,"2446"
"280","21-1093.00","Social and Human Service Assistants",0,"3469"
"281","21-1094.00","Community Health Workers",0,"3222"
"282","21-2011.00","Clergy",1,"2460"
"283","21-2021.00","Directors, Religious Activities and Education",1,"3480"
"284","23-1011.00","Lawyers",1,"2421"
"285","23-1012.00","Judicial Law Clerks",1,"3432"
"286","23-1021.00","Administrative Law Judges, Adjudicators, and Hearing Officers",1,"2422"
"287","23-1022.00","Arbitrators, Mediators, and Conciliators",1,"2422"
"288","23-1023.00","Judges, Magistrate Judges, and Magistrates",0,"2422"
"289","23-2011.00","Paralegals and Legal Assistants",1,"3432"
"290","23-2091.00","Court Reporters",1,"3432"
"291","23-2093.00","Title Examiners, Abstractors, and Searchers",1,"3432"
"292","25-1011.00","Business Teachers, Postsecondary",1,"2310"
"293","25-1021.00","Computer Science Teachers, Postsecondary",1,"2310"
"294","25-1022.00","Mathematical Science Teachers, Postsecondary",1,"2310"
"295","25-1031.00","Architecture Teachers, Postsecondary",1,"2310"
"296","25-1032.00","Engineering Teachers, Postsecondary",1,"2310"
"297","25-1041.00","Agricultural Sciences Teachers, Postsecondary",1,"2310"
"298","25-1042.00","Biological Science Teachers, Postsecondary",1,"2310"
"299","25-1043.00","Forestry and Conservation Science Teachers, Postsecondary",1,"2310"
"300","25-1051.00","Atmospheric, Earth, Marine, and Space Sciences Teachers, Postsecondary",1,"2310"
"301","25-1052.00","Chemistry Teachers, Postsecondary",0,"2310"
"302","25-1053.00","Environmental Science Teachers, Postsecondary",1,"2310"
"303","25-1054.00","Physics Teachers, Postsecondary",1,"2310"
"304","25-1061.00","Anthropology and Archeology Teachers, Postsecondary",1,"2310"
"305","25-1062.00","Area, Ethnic, and Cultural Studies Teachers, Postsecondary",1,"2310"
"306","25-1063.00","Economics Teachers, Postsecondary",1,"2310"
"307","25-1064.00","Geography Teachers, Postsecondary",1,"2310"
"308","25-1065.00","Political Science Teachers, Postsecondary",1,"2310"
"309","25-1066.00","Psychology Teachers, Postsecondary",1,"2310"
"310","25-1067.00","Sociology Teachers, Postsecondary",1,"2310"
"311","25-1071.00","Health Specialties Teachers, Postsecondary",1,"2310"
"312","25-1072.00","Nursing Instructors and Teachers, Postsecondary",1,"2310"
"313","25-1081.00","Education Teachers, Postsecondary",1,"2310"
"314","25-1082.00","Library Science Teachers, Postsecondary",1,"2310"
"315","25-1111.00","Criminal Justice and Law Enforcement Teachers, Postsecondary",1,"2310"
"316","25-1112.00","Law Teachers, Postsecondary",1,"2310"
"317","25-1113.00","Social Work Teachers, Postsecondary",1,"2310"
"318","25-1121.00","Art, Drama, and Music Teachers, Postsecondary",1,"2310"
"319","25-1122.00","Communications Teachers, Postsecondary",1,"2310"
"320","25-1123.00","English Language and Literature Teachers, Postsecondary",1,"2310"
"321","25-1124.00","Foreign Language and Literature Teachers, Postsecondary",1,"2310"
"322","25-1125.00","History Teachers, Postsecondary",1,"2310"
"323","25-1126.00","Philosophy and Religion Teachers, Postsecondary",1,"2310"
"324","25-1191.00","Graduate Teaching Assistants",1,"2310"
"325","25-1192.00","Home Economics Teachers, Postsecondary",1,"2310"
"326","25-1193.00","Recreation and Fitness Studies Teachers, Postsecondary",1,"2310"
"327","25-1194.00","Vocational Education Teachers, Postsecondary",1,"2310"
"328","25-2011.00","Preschool Teachers, Except Special Education",1,"2331"
"329","25-2012.00","Kindergarten Teachers, Except Special Education",1,"2331"
"330","25-2021.00","Elementary School Teachers, Except Special Education",1,"2331"
"331","25-2022.00","Middle School Teachers, Except Special and Career/Technical Education",1,"2331"
"332","25-2023.00","Career/Technical Education Teachers, Middle School",1,"2320"
"333","25-2031.00","Secondary School Teachers, Except Special and Career/Technical Education",1,"2320"
"334","25-2032.00","Career/Technical Education Teachers, Secondary School",1,"2320"
"335","25-2051.00","Special Education Teachers, Preschool",1,"2340"
"336","25-2052.00","Special Education Teachers, Kindergarten and Elementary School",1,"2340"
"337","25-2053.00","Special Education Teachers, Middle School",1,"2340"
"338","25-2054.00","Special Education Teachers, Secondary School",1,"2320"
"339","25-2059.01","Adapted Physical Education Specialists",0,"2359"
"340","25-3011.00","Adult Basic and Secondary Education and Literacy Teachers and Instructors",1,"2359"
"341","25-3021.00","Self-Enrichment Education Teachers",1,"2359"
"342","25-3099.02","Tutors",1,"2359"
"343","25-4011.00","Archivists",1,"2431"
"344","25-4012.00","Curators",1,"2431"
"345","25-4013.00","Museum Technicians and Conservators",0,"2431"
"346","25-4021.00","Librarians",1,"2432"
"347","25-4031.00","Library Technicians",1,"2432"
"348","25-9011.00","Audio-Visual and Multimedia Collections Specialists",1,"2432"
"349","25-9021.00","Farm and Home Management Advisors",0,"3213"
"350","25-9031.00","Instructional Coordinators",1,"2351"
"351","25-9031.01","Instructional Designers and Technologists",1,"2351"
"352","25-9041.00","Teacher Assistants",1,"3310"
"353","27-1011.00","Art Directors",1,"2455"
"354","27-1012.00","Craft Artists",0,"2452"
"355","27-1013.00","Fine Artists, Including Painters, Sculptors, and Illustrators",1,"2452"
"356","27-1014.00","Multimedia Artists and Animators",1,"3131"
"357","27-1021.00","Commercial and Industrial Designers",1,"3471"
"358","27-1022.00","Fashion Designers",1,"7434"
"359","27-1023.00","Floral Designers",1,"3471"
"360","27-1024.00","Graphic Designers",1,"3471"
"361","27-1025.00","Interior Designers",1,"3471"
"362","27-1026.00","Merchandise Displayers and Window Trimmers",0,"3471"
"363","27-1027.00","Set and Exhibit Designers",1,"3471"
"364","27-2011.00","Actors",0,"2455"
"365","27-2012.01","Producers",0,"2455"
"366","27-2012.02","Directors- Stage, Motion Pictures, Television, and Radio",1,"2455"
"367","27-2012.03","Program Directors",0,"2455"
"368","27-2012.04","Talent Directors",1,"2455"
"369","27-2012.05","Technical Directors/Managers",0,"2455"
"370","27-2021.00","Athletes and Sports Competitors",1,"3475"
"371","27-2022.00","Coaches and Scouts",1,"3340"
"372","27-2023.00","Umpires, Referees, and Other Sports Officials",0,"3475"
"373","27-2031.00","Dancers",0,"2454"
"374","27-2032.00","Choreographers",0,"2454"
"375","27-2041.01","Music Directors",0,"2453"
"376","27-2041.04","Music Composers and Arrangers",1,"2453"
"377","27-2042.01","Singers",0,"2453"
"378","27-2042.02","Musicians, Instrumental",0,"2453"
"379","27-3011.00","Radio and Television Announcers",0,"3132"
"380","27-3012.00","Public Address System and Other Announcers",1,"3132"
"381","27-3021.00","Broadcast News Analysts",0,"2451"
"382","27-3022.00","Reporters and Correspondents",1,"2451"
"383","27-3031.00","Public Relations Specialists",1,"2419"
"384","27-3041.00","Editors",1,"2451"
"385","27-3042.00","Technical Writers",1,"2451"
"386","27-3043.04","Copy Writers",1,"2451"
"387","27-3043.05","Poets, Lyricists and Creative Writers",1,"2451"
"388","27-3091.00","Interpreters and Translators",0,"2444"
"389","27-4011.00","Audio and Video Equipment Technicians",1,"3131"
"390","27-4012.00","Broadcast Technicians",1,"3132"
"391","27-4013.00","Radio Operators",1,"3132"
"392","27-4014.00","Sound Engineering Technicians",1,"3131"
"393","27-4021.00","Photographers",1,"3131"
"394","27-4031.00","Camera Operators, Television, Video, and Motion Picture",0,"3131"
"395","27-4032.00","Film and Video Editors",1,"3131"
"396","29-1011.00","Chiropractors",0,"3226"
"397","29-1021.00","Dentists, General",0,"2222"
"398","29-1022.00","Oral and Maxillofacial Surgeons",0,"2222"
"399","29-1023.00","Orthodontists",0,"2222"
"400","29-1024.00","Prosthodontists",0,"2222"
"401","29-1031.00","Dietitians and Nutritionists",0,"3223"
"402","29-1041.00","Optometrists",0,"3224"
"403","29-1051.00","Pharmacists",0,"2212"
"404","29-1061.00","Anesthesiologists",0,"2221"
"405","29-1062.00","Family and General Practitioners",0,"2221"
"406","29-1063.00","Internists, General",0,"2221"
"407","29-1064.00","Obstetricians and Gynecologists",0,"2221"
"408","29-1065.00","Pediatricians, General",0,"2221"
"409","29-1066.00","Psychiatrists",1,"2221"
"410","29-1067.00","Surgeons",0,"2221"
"411","29-1069.01","Allergists and Immunologists",0,"2221"
"412","29-1069.02","Dermatologists",0,"2221"
"413","29-1069.03","Hospitalists",0,"2221"
"414","29-1069.04","Neurologists",0,"2221"
"415","29-1069.05","Nuclear Medicine Physicians",0,"2221"
"416","29-1069.06","Ophthalmologists",0,"2221"
"417","29-1069.07","Pathologists",0,"2221"
"418","29-1069.08","Physical Medicine and Rehabilitation Physicians",0,"2221"
"419","29-1069.09","Preventive Medicine Physicians",1,"2221"
"420","29-1069.10","Radiologists",0,"2221"
"421","29-1069.11","Sports Medicine Physicians",0,"2221"
"422","29-1069.12","Urologists",0,"2221"
"423","29-1071.00","Physician Assistants",0,"2229"
"424","29-1071.01","Anesthesiologist Assistants",0,"2229"
"425","29-1081.00","Podiatrists",0,"2221"
"426","29-1122.00","Occupational Therapists",0,"3229"
"427","29-1122.01","Low Vision Therapists, Orientation and Mobility Specialists, and Vision Rehabilitation Therapists",0,"3229"
"428","29-1123.00","Physical Therapists",0,"3226"
"429","29-1124.00","Radiation Therapists",0,"2229"
"430","29-1125.00","Recreational Therapists",0,"3226"
"431","29-1125.01","Art Therapists",1,"3226"
"432","29-1125.02","Music Therapists",1,"3226"
"433","29-1126.00","Respiratory Therapists",0,"2229"
"434","29-1127.00","Speech-Language Pathologists",1,"3229"
"435","29-1128.00","Exercise Physiologists",0,"2229"
"436","29-1131.00","Veterinarians",0,"2212"
"437","29-1141.00","Registered Nurses",0,"2230"
"438","29-1141.01","Acute Care Nurses",0,"2230"
"439","29-1141.02","Advanced Practice Psychiatric Nurses",0,"2230"
"440","29-1141.03","Critical Care Nurses",0,"2230"
"441","29-1141.04","Clinical Nurse Specialists",0,"2230"
"442","29-1151.00","Nurse Anesthetists",0,"2230"
"443","29-1161.00","Nurse Midwives",0,"2230"
"444","29-1171.00","Nurse Practitioners",0,"2230"
"445","29-1181.00","Audiologists",0,"2229"
"446","29-1199.01","Acupuncturists",0,"2229"
"447","29-1199.04","Naturopathic Physicians",0,"2229"
"448","29-1199.05","Orthoptists",0,"2229"
"449","29-2011.00","Medical and Clinical Laboratory Technologists",0,"3133"
"450","29-2011.01","Cytogenetic Technologists",0,"3133"
"451","29-2011.02","Cytotechnologists",0,"3133"
"452","29-2011.03","Histotechnologists and Histologic Technicians",0,"3133"
"453","29-2012.00","Medical and Clinical Laboratory Technicians",0,"3133"
"454","29-2021.00","Dental Hygienists",0,"3225"
"455","29-2031.00","Cardiovascular Technologists and Technicians",0,"3133"
"456","29-2032.00","Diagnostic Medical Sonographers",0,"3133"
"457","29-2033.00","Nuclear Medicine Technologists",0,"3133"
"458","29-2034.00","Radiologic Technologists",0,"3133"
"459","29-2035.00","Magnetic Resonance Imaging Technologists",0,"3133"
"460","29-2041.00","Emergency Medical Technicians and Paramedics",0,"3133"
"461","29-2051.00","Dietetic Technicians",0,"3223"
"462","29-2052.00","Pharmacy Technicians",0,"3228"
"463","29-2053.00","Psychiatric Technicians",0,"3229"
"464","29-2054.00","Respiratory Therapy Technicians",0,"3133"
"465","29-2055.00","Surgical Technologists",0,"3229"
"466","29-2056.00","Veterinary Technologists and Technicians",0,"3227"
"467","29-2057.00","Ophthalmic Medical Technicians",0,"3242"
"468","29-2061.00","Licensed Practical and Licensed Vocational Nurses",0,"3231"
"469","29-2071.00","Medical Records and Health Information Technicians",1,"3439"
"470","29-2081.00","Opticians, Dispensing",0,"3224"
"471","29-2091.00","Orthotists and Prosthetists",0,"3226"
"472","29-2092.00","Hearing Aid Specialists",0,"3242"
"473","29-2099.01","Neurodiagnostic Technologists",0,"3242"
"474","29-2099.05","Ophthalmic Medical Technologists",0,"3242"
"475","29-2099.06","Radiologic Technicians",0,"3242"
"476","29-2099.07","Surgical Assistants",0,"3242"
"477","29-9011.00","Occupational Health and Safety Specialists",0,"3226"
"478","29-9012.00","Occupational Health and Safety Technicians",0,"3152"
"479","29-9091.00","Athletic Trainers",1,"3226"
"480","29-9092.00","Genetic Counselors",1,"3241"
"481","29-9099.01","Midwives",0,"3241"
"482","31-1011.00","Home Health Aides",0,"5132"
"483","31-1013.00","Psychiatric Aides",0,"3229"
"484","31-1014.00","Nursing Assistants",0,"5132"
"485","31-1015.00","Orderlies",0,"5132"
"486","31-2011.00","Occupational Therapy Assistants",0,"3226"
"487","31-2012.00","Occupational Therapy Aides",0,"3226"
"488","31-2021.00","Physical Therapist Assistants",0,"3226"
"489","31-2022.00","Physical Therapist Aides",0,"3226"
"490","31-9011.00","Massage Therapists",0,"5149"
"491","31-9091.00","Dental Assistants",0,"3225"
"492","31-9092.00","Medical Assistants",0,"3221"
"493","31-9093.00","Medical Equipment Preparers",0,"3133"
"494","31-9094.00","Medical Transcriptionists",1,"4111"
"495","31-9095.00","Pharmacy Aides",0,"3228"
"496","31-9096.00","Veterinary Assistants and Laboratory Animal Caretakers",0,"3227"
"497","31-9097.00","Phlebotomists",0,"3229"
"498","31-9099.01","Speech-Language Pathology Assistants",1,"3229"
"499","31-9099.02","Endoscopy Technicians",0,"3229"
"500","33-1011.00","First-Line Supervisors of Correctional Officers",0,"5163"
"501","33-1012.00","First-Line Supervisors of Police and Detectives",0,"3450"
"502","33-1021.01","Municipal Fire Fighting and Prevention Supervisors",0,"3151"
"503","33-1021.02","Forest Fire Fighting and Prevention Supervisors",0,"5161"
"504","33-2011.01","Municipal Firefighters",0,"5161"
"505","33-2011.02","Forest Firefighters",0,"5161"
"506","33-2021.01","Fire Inspectors",0,"3151"
"507","33-2021.02","Fire Investigators",0,"3151"
"508","33-2022.00","Forest Fire Inspectors and Prevention Specialists",0,"5161"
"509","33-3011.00","Bailiffs",0,"5169"
"510","33-3012.00","Correctional Officers and Jailers",0,"5163"
"511","33-3021.01","Police Detectives",0,"3441"
"512","33-3021.02","Police Identification and Records Officers",0,"3441"
"513","33-3021.03","Criminal Investigators and Special Agents",0,"3441"
"514","33-3021.05","Immigration and Customs Inspectors",0,"3441"
"515","33-3021.06","Intelligence Analysts",1,"3441"
"516","33-3031.00","Fish and Game Wardens",0,"3449"
"517","33-3041.00","Parking Enforcement Workers",0,"3449"
"518","33-3051.01","Police Patrol Officers",0,"3450"
"519","33-3051.03","Sheriffs and Deputy Sheriffs",0,"3450"
"520","33-3052.00","Transit and Railroad Police",0,"3450"
"521","33-9011.00","Animal Control Workers",0,"3449"
"522","33-9021.00","Private Detectives and Investigators",1,"5169"
"523","33-9031.00","Gaming Surveillance Officers and Gaming Investigators",1,"5169"
"524","33-9032.00","Security Guards",0,"9152"
"525","33-9091.00","Crossing Guards",0,"5169"
"526","33-9092.00","Lifeguards, Ski Patrol, and Other Recreational Protective Service Workers",0,"5169"
"527","33-9093.00","Transportation Security Screeners",0,"2352"
"528","33-9099.02","Retail Loss Prevention Specialists",1,"5169"
"529","35-1011.00","Chefs and Head Cooks",0,"5122"
"530","35-1012.00","First-Line Supervisors of Food Preparation and Serving Workers",0,"1225"
"531","35-2011.00","Cooks, Fast Food",0,"5122"
"532","35-2012.00","Cooks, Institution and Cafeteria",0,"5122"
"533","35-2013.00","Cooks, Private Household",1,"5122"
"534","35-2014.00","Cooks, Restaurant",0,"5122"
"535","35-2015.00","Cooks, Short Order",0,"5122"
"536","35-2021.00","Food Preparation Workers",0,"5122"
"537","35-3011.00","Bartenders",0,"5123"
"538","35-3021.00","Combined Food Preparation and Serving Workers, Including Fast Food",0,"5123"
"539","35-3022.00","Counter Attendants, Cafeteria, Food Concession, and Coffee Shop",0,"9111"
"540","35-3022.01","Baristas",0,"9111"
"541","35-3031.00","Waiters and Waitresses",0,"5123"
"542","35-3041.00","Food Servers, Nonrestaurant",0,"5123"
"543","35-9011.00","Dining Room and Cafeteria Attendants and Bartender Helpers",0,"5123"
"544","35-9021.00","Dishwashers",0,"5121"
"545","35-9031.00","Hosts and Hostesses, Restaurant, Lounge, and Coffee Shop",0,"5149"
"546","37-1011.00","First-Line Supervisors of Housekeeping and Janitorial Workers",0,"1227"
"547","37-1012.00","First-Line Supervisors of Landscaping, Lawn Service, and Groundskeeping Workers",0,"1227"
"548","37-2011.00","Janitors and Cleaners, Except Maids and Housekeeping Cleaners",0,"9132"
"549","37-2012.00","Maids and Housekeeping Cleaners",0,"9131"
"550","37-2021.00","Pest Control Workers",0,"9141"
"551","37-3011.00","Landscaping and Groundskeeping Workers",0,"6113"
"552","37-3012.00","Pesticide Handlers, Sprayers, and Applicators, Vegetation",0,"6111"
"553","37-3013.00","Tree Trimmers and Pruners",0,"6113"
"554","39-1011.00","Gaming Supervisors",0,"5149"
"555","39-1012.00","Slot Supervisors",0,"4213"
"556","39-1021.00","First-Line Supervisors of Personal Service Workers",1,"1228"
"557","39-1021.01","Spa Managers",0,"1228"
"558","39-2011.00","Animal Trainers",0,"6129"
"559","39-2021.00","Nonfarm Animal Caretakers",0,"6129"
"560","39-3011.00","Gaming Dealers",1,"4213"
"561","39-3012.00","Gaming and Sports Book Writers and Runners",0,"4213"
"562","39-3021.00","Motion Picture Projectionists",0,"3132"
"563","39-3031.00","Ushers, Lobby Attendants, and Ticket Takers",1,"9152"
"564","39-3091.00","Amusement and Recreation Attendants",0,"5151"
"565","39-3092.00","Costume Attendants",0,"9133"
"566","39-3093.00","Locker Room, Coatroom, and Dressing Room Attendants",0,"5142"
"567","39-4011.00","Embalmers",0,"5143"
"568","39-4021.00","Funeral Attendants",0,"5143"
"569","39-4031.00","Morticians, Undertakers, and Funeral Directors",0,"5143"
"570","39-5011.00","Barbers",0,"5141"
"571","39-5012.00","Hairdressers, Hairstylists, and Cosmetologists",0,"5141"
"572","39-5091.00","Makeup Artists, Theatrical and Performance",1,"5141"
"573","39-5092.00","Manicurists and Pedicurists",0,"5141"
"574","39-5093.00","Shampooers",0,"5141"
"575","39-5094.00","Skincare Specialists",0,"5141"
"576","39-6011.00","Baggage Porters and Bellhops",0,"5112"
"577","39-6012.00","Concierges",0,"5142"
"578","39-7011.00","Tour Guides and Escorts",0,"5113"
"579","39-7012.00","Travel Guides",0,"5113"
"580","39-9011.00","Childcare Workers",1,"3320"
"581","39-9011.01","Nannies",1,"3320"
"582","39-9021.00","Personal Care Aides",0,"5132"
"583","39-9031.00","Fitness Trainers and Aerobics Instructors",0,"3475"
"584","39-9032.00","Recreation Workers",1,"5149"
"585","39-9041.00","Residential Advisors",1,"5132"
"586","41-1011.00","First-Line Supervisors of Retail Sales Workers",0,"1224"
"587","41-1012.00","First-Line Supervisors of Non-Retail Sales Workers",1,"1224"
"588","41-2011.00","Cashiers",0,"4211"
"589","41-2012.00","Gaming Change Persons and Booth Cashiers",0,"4211"
"590","41-2021.00","Counter and Rental Clerks",0,"5220"
"591","41-2022.00","Parts Salespersons",0,"5220"
"592","41-2031.00","Retail Salespersons",0,"5220"
"593","41-3011.00","Advertising Sales Agents",0,"3415"
"594","41-3021.00","Insurance Sales Agents",1,"3412"
"595","41-3031.01","Sales Agents, Securities and Commodities",1,"3411"
"596","41-3031.02","Sales Agents, Financial Services",1,"3411"
"597","41-3031.03","Securities and Commodities Traders",1,"3411"
"598","41-3041.00","Travel Agents",0,"3414"
"599","41-3099.01","Energy Brokers",1,"3419"
"600","41-4011.00","Sales Representatives, Wholesale and Manufacturing, Technical and Scientific Products",1,"3415"
"601","41-4011.07","Solar Sales Representatives and Assessors",1,"3415"
"602","41-4012.00","Sales Representatives, Wholesale and Manufacturing, Except Technical and Scientific Products",1,"3415"
"603","41-9011.00","Demonstrators and Product Promoters",0,"5220"
"604","41-9012.00","Models",1,"5210"
"605","41-9021.00","Real Estate Brokers",1,"3413"
"606","41-9022.00","Real Estate Sales Agents",0,"3413"
"607","41-9031.00","Sales Engineers",1,"3415"
"608","41-9041.00","Telemarketers",1,"9113"
"609","41-9091.00","Door-To-Door Sales Workers, News and Street Vendors, and Related Workers",0,"5230"
"610","43-1011.00","First-Line Supervisors of Office and Administrative Support Workers",1,"1227"
"611","43-2011.00","Switchboard Operators, Including Answering Service",1,"4223"
"612","43-2021.00","Telephone Operators",0,"4223"
"613","43-3011.00","Bill and Account Collectors",1,"4215"
"614","43-3021.01","Statement Clerks",0,"4114"
"615","43-3021.02","Billing, Cost, and Rate Clerks",1,"4114"
"616","43-3031.00","Bookkeeping, Accounting, and Auditing Clerks",1,"3433"
"617","43-3041.00","Gaming Cage Workers",0,"4212"
"618","43-3051.00","Payroll and Timekeeping Clerks",1,"4121"
"619","43-3061.00","Procurement Clerks",1,"4132"
"620","43-3071.00","Tellers",0,"4212"
"621","43-4011.00","Brokerage Clerks",1,"4122"
"622","43-4021.00","Correspondence Clerks",1,"4222"
"623","43-4031.01","Court Clerks",1,"3444"
"624","43-4031.02","Municipal Clerks",0,"3444"
"625","43-4031.03","License Clerks",0,"3444"
"626","43-4041.01","Credit Authorizers",1,"4122"
"627","43-4041.02","Credit Checkers",1,"4122"
"628","43-4051.00","Customer Service Representatives",1,"4122"
"629","43-4051.03","Patient Representatives",0,"4122"
"630","43-4061.00","Eligibility Interviewers, Government Programs",0,"3443"
"631","43-4071.00","File Clerks",1,"4141"
"632","43-4081.00","Hotel, Motel, and Resort Desk Clerks",0,"4222"
"633","43-4111.00","Interviewers, Except Eligibility and Loan",1,"4222"
"634","43-4121.00","Library Assistants, Clerical",0,"4141"
"635","43-4131.00","Loan Interviewers and Clerks",0,"4122"
"636","43-4141.00","New Accounts Clerks",0,"4121"
"637","43-4151.00","Order Clerks",1,"4132"
"638","43-4161.00","Human Resources Assistants, Except Payroll and Timekeeping",1,"4190"
"639","43-4171.00","Receptionists and Information Clerks",0,"4222"
"640","43-4181.00","Reservation and Transportation Ticket Agents and Travel Clerks",0,"4211"
"641","43-5011.00","Cargo and Freight Agents",1,"3429"
"642","43-5011.01","Freight Forwarders",1,"3429"
"643","43-5021.00","Couriers and Messengers",1,"9151"
"644","43-5031.00","Police, Fire, and Ambulance Dispatchers",0,"5169"
"645","43-5032.00","Dispatchers, Except Police, Fire, and Ambulance",1,"4133"
"646","43-5041.00","Meter Readers, Utilities",0,"4122"
"647","43-5051.00","Postal Service Clerks",0,"4142"
"648","43-5052.00","Postal Service Mail Carriers",0,"4142"
"649","43-5053.00","Postal Service Mail Sorters, Processors, and Processing Machine Operators",0,"4142"
"650","43-5061.00","Production, Planning, and Expediting Clerks",0,"4132"
"651","43-5071.00","Shipping, Receiving, and Traffic Clerks",0,"4133"
"652","43-5081.01","Stock Clerks, Sales Floor",0,"4131"
"653","43-5081.02","Marking Clerks",1,"4131"
"654","43-5081.03","Stock Clerks- Stockroom, Warehouse, or Storage Yard",0,"4131"
"655","43-5081.04","Order Fillers, Wholesale and Retail Sales",0,"4131"
"656","43-5111.00","Weighers, Measurers, Checkers, and Samplers, Recordkeeping",0,"4131"
"657","43-6011.00","Executive Secretaries and Executive Administrative Assistants",1,"3431"
"658","43-6012.00","Legal Secretaries",1,"3431"
"659","43-6013.00","Medical Secretaries",1,"3431"
"660","43-6014.00","Secretaries and Administrative Assistants, Except Legal, Medical, and Executive",1,"3431"
"661","43-9011.00","Computer Operators",1,"3122"
"662","43-9021.00","Data Entry Keyers",1,"4113"
"663","43-9022.00","Word Processors and Typists",1,"3122"
"664","43-9031.00","Desktop Publishers",1,"3122"
"665","43-9041.01","Insurance Claims Clerks",1,"3432"
"666","43-9041.02","Insurance Policy Processing Clerks",1,"3432"
"667","43-9051.00","Mail Clerks and Mail Machine Operators, Except Postal Service",1,"4142"
"668","43-9061.00","Office Clerks, General",1,"4190"
"669","43-9071.00","Office Machine Operators, Except Computer",1,"4114"
"670","43-9081.00","Proofreaders and Copy Markers",1,"4143"
"671","43-9111.00","Statistical Assistants",1,"3434"
"672","43-9111.01","Bioinformatics Technicians",1,"3434"
"673","45-1011.05","First-Line Supervisors of Logging Workers",0,"1221"
"674","45-1011.06","First-Line Supervisors of Aquacultural Workers",0,"1221"
"675","45-1011.07","First-Line Supervisors of Agricultural Crop and Horticultural Workers",1,"1221"
"676","45-1011.08","First-Line Supervisors of Animal Husbandry and Animal Care Workers",0,"1221"
"677","45-2011.00","Agricultural Inspectors",0,"6130"
"678","45-2021.00","Animal Breeders",0,"6121"
"679","45-2041.00","Graders and Sorters, Agricultural Products",0,"7415"
"680","45-2091.00","Agricultural Equipment Operators",0,"8331"
"681","45-2092.01","Nursery Workers",0,"6111"
"682","45-2092.02","Farmworkers and Laborers, Crop",0,"6111"
"683","45-2093.00","Farmworkers, Farm, Ranch, and Aquacultural Animals",0,"6121"
"684","45-3011.00","Fishers and Related Fishing Workers",0,"6152"
"685","45-3021.00","Hunters and Trappers",0,"6154"
"686","45-4011.00","Forest and Conservation Workers",0,"6141"
"687","45-4021.00","Fallers",0,"6141"
"688","45-4022.00","Logging Equipment Operators",0,"6141"
"689","45-4023.00","Log Graders and Scalers",0,"6141"
"690","47-1011.00","First-Line Supervisors of Construction Trades and Extraction Workers",0,"1223"
"691","47-1011.03","Solar Energy Installation Managers",0,"1223"
"692","47-2011.00","Boilermakers",0,"7213"
"693","47-2021.00","Brickmasons and Blockmasons",0,"7122"
"694","47-2022.00","Stonemasons",0,"7122"
"695","47-2031.01","Construction Carpenters",0,"7124"
"696","47-2031.02","Rough Carpenters",0,"7124"
"697","47-2041.00","Carpet Installers",0,"7132"
"698","47-2042.00","Floor Layers, Except Carpet, Wood, and Hard Tiles",0,"7132"
"699","47-2043.00","Floor Sanders and Finishers",0,"7132"
"700","47-2044.00","Tile and Marble Setters",0,"7132"
"701","47-2051.00","Cement Masons and Concrete Finishers",0,"7123"
"702","47-2053.00","Terrazzo Workers and Finishers",0,"7123"
"703","47-2061.00","Construction Laborers",0,"9312"
"704","47-2071.00","Paving, Surfacing, and Tamping Equipment Operators",0,"8332"
"705","47-2072.00","Pile-Driver Operators",0,"8332"
"706","47-2073.00","Operating Engineers and Other Construction Equipment Operators",0,"8332"
"707","47-2081.00","Drywall and Ceiling Tile Installers",0,"7133"
"708","47-2082.00","Tapers",0,"7133"
"709","47-2111.00","Electricians",0,"7137"
"710","47-2121.00","Glaziers",0,"7135"
"711","47-2131.00","Insulation Workers, Floor, Ceiling, and Wall",0,"7134"
"712","47-2132.00","Insulation Workers, Mechanical",0,"7134"
"713","47-2141.00","Painters, Construction and Maintenance",0,"7141"
"714","47-2142.00","Paperhangers",0,"7141"
"715","47-2151.00","Pipelayers",0,"7136"
"716","47-2152.01","Pipe Fitters and Steamfitters",0,"7136"
"717","47-2152.02","Plumbers",0,"7136"
"718","47-2161.00","Plasterers and Stucco Masons",0,"7133"
"719","47-2171.00","Reinforcing Iron and Rebar Workers",0,"7214"
"720","47-2181.00","Roofers",0,"7131"
"721","47-2211.00","Sheet Metal Workers",0,"7213"
"722","47-2221.00","Structural Iron and Steel Workers",0,"7214"
"723","47-2231.00","Solar Photovoltaic Installers",0,"7137"
"724","47-3011.00","Helpers--Brickmasons, Blockmasons, Stonemasons, and Tile and Marble Setters",0,"9313"
"725","47-3012.00","Helpers--Carpenters",0,"9313"
"726","47-3013.00","Helpers--Electricians",0,"9313"
"727","47-3014.00","Helpers--Painters, Paperhangers, Plasterers, and Stucco Masons",0,"9313"
"728","47-3015.00","Helpers--Pipelayers, Plumbers, Pipefitters, and Steamfitters",0,"9313"
"729","47-3016.00","Helpers--Roofers",0,"9313"
"730","47-4011.00","Construction and Building Inspectors",0,"3151"
"731","47-4021.00","Elevator Installers and Repairers",0,"7129"
"732","47-4031.00","Fence Erectors",0,"7331"
"733","47-4041.00","Hazardous Materials Removal Workers",0,"9161"
"734","47-4051.00","Highway Maintenance Workers",0,"9312"
"735","47-4061.00","Rail-Track Laying and Maintenance Equipment Operators",0,"9312"
"736","47-4071.00","Septic Tank Servicers and Sewer Pipe Cleaners",0,"7143"
"737","47-4091.00","Segmental Pavers",0,"7122"
"738","47-4099.02","Solar Thermal Installers and Technicians",1,"9313"
"739","47-4099.03","Weatherization Installers and Technicians",0,"9313"
"740","47-5011.00","Derrick Operators, Oil and Gas",0,"8113"
"741","47-5012.00","Rotary Drill Operators, Oil and Gas",0,"8113"
"742","47-5013.00","Service Unit Operators, Oil, Gas, and Mining",0,"7111"
"743","47-5021.00","Earth Drillers, Except Oil and Gas",0,"7111"
"744","47-5031.00","Explosives Workers, Ordnance Handling Experts, and Blasters",0,"7112"
"745","47-5041.00","Continuous Mining Machine Operators",0,"7111"
"746","47-5042.00","Mine Cutting and Channeling Machine Operators",0,"7111"
"747","47-5051.00","Rock Splitters, Quarry",0,"7113"
"748","47-5061.00","Roof Bolters, Mining",0,"7111"
"749","47-5071.00","Roustabouts, Oil and Gas",0,"8113"
"750","47-5081.00","Helpers--Extraction Workers",0,"7111"
"751","49-1011.00","First-Line Supervisors of Mechanics, Installers, and Repairers",0,"1239"
"752","49-2011.00","Computer, Automated Teller, and Office Machine Repairers",0,"7241"
"753","49-2021.00","Radio, Cellular, and Tower Equipment Installers and Repairers",0,"7243"
"754","49-2021.01","Radio Mechanics",0,"7243"
"755","49-2022.00","Telecommunications Equipment Installers and Repairers, Except Line Installers",0,"7244"
"756","49-2091.00","Avionics Technicians",0,"7242"
"757","49-2092.00","Electric Motor, Power Tool, and Related Repairers",0,"7241"
"758","49-2093.00","Electrical and Electronics Installers and Repairers, Transportation Equipment",0,"7241"
"759","49-2094.00","Electrical and Electronics Repairers, Commercial and Industrial Equipment",0,"7241"
"760","49-2095.00","Electrical and Electronics Repairers, Powerhouse, Substation, and Relay",0,"7241"
"761","49-2096.00","Electronic Equipment Installers and Repairers, Motor Vehicles",0,"7241"
"762","49-2097.00","Electronic Home Entertainment Equipment Installers and Repairers",0,"7243"
"763","49-2098.00","Security and Fire Alarm Systems Installers",0,"7243"
"764","49-3011.00","Aircraft Mechanics and Service Technicians",0,"7232"
"765","49-3021.00","Automotive Body and Related Repairers",0,"7231"
"766","49-3022.00","Automotive Glass Installers and Repairers",0,"7231"
"767","49-3023.01","Automotive Master Mechanics",0,"7231"
"768","49-3023.02","Automotive Specialty Technicians",0,"7231"
"769","49-3031.00","Bus and Truck Mechanics and Diesel Engine Specialists",0,"7231"
"770","49-3041.00","Farm Equipment Mechanics and Service Technicians",0,"7233"
"771","49-3042.00","Mobile Heavy Equipment Mechanics, Except Engines",0,"7233"
"772","49-3043.00","Rail Car Repairers",0,"7231"
"773","49-3051.00","Motorboat Mechanics and Service Technicians",0,"7231"
"774","49-3052.00","Motorcycle Mechanics",0,"7231"
"775","49-3053.00","Outdoor Power Equipment and Other Small Engine Mechanics",0,"7241"
"776","49-3091.00","Bicycle Repairers",0,"8281"
"777","49-3092.00","Recreational Vehicle Service Technicians",0,"7231"
"778","49-3093.00","Tire Repairers and Changers",0,"7231"
"779","49-9011.00","Mechanical Door Repairers",0,"7241"
"780","49-9012.00","Control and Valve Installers and Repairers, Except Mechanical Door",0,"7241"
"781","49-9021.01","Heating and Air Conditioning Mechanics and Installers",0,"7233"
"782","49-9021.02","Refrigeration Mechanics and Installers",0,"7233"
"783","49-9031.00","Home Appliance Repairers",0,"7233"
"784","49-9041.00","Industrial Machinery Mechanics",0,"7233"
"785","49-9043.00","Maintenance Workers, Machinery",0,"7233"
"786","49-9044.00","Millwrights",0,"7233"
"787","49-9045.00","Refractory Materials Repairers, Except Brickmasons",0,"7233"
"788","49-9051.00","Electrical Power-Line Installers and Repairers",0,"7245"
"789","49-9052.00","Telecommunications Line Installers and Repairers",0,"7244"
"790","49-9061.00","Camera and Photographic Equipment Repairers",0,"7311"
"791","49-9062.00","Medical Equipment Repairers",0,"7311"
"792","49-9063.00","Musical Instrument Repairers and Tuners",0,"7312"
"793","49-9064.00","Watch Repairers",0,"7311"
"794","49-9071.00","Maintenance and Repair Workers, General",0,"7233"
"795","49-9081.00","Wind Turbine Service Technicians",0,"7221"
"796","49-9091.00","Coin, Vending, and Amusement Machine Servicers and Repairers",1,"9153"
"797","49-9092.00","Commercial Divers",0,"7216"
"798","49-9093.00","Fabric Menders, Except Garment",0,"7436"
"799","49-9094.00","Locksmiths and Safe Repairers",0,"7222"
"800","49-9095.00","Manufactured Building and Mobile Home Installers",0,"7129"
"801","49-9096.00","Riggers",0,"7215"
"802","49-9097.00","Signal and Track Switch Repairers",0,"7241"
"803","49-9098.00","Helpers--Installation, Maintenance, and Repair Workers",0,"7216"
"804","49-9099.01","Geothermal Technicians",0,"7221"
"805","51-1011.00","First-Line Supervisors of Production and Operating Workers",0,"1222"
"806","51-2011.00","Aircraft Structure, Surfaces, Rigging, and Systems Assemblers",0,"8281"
"807","51-2021.00","Coil Winders, Tapers, and Finishers",0,"8283"
"808","51-2022.00","Electrical and Electronic Equipment Assemblers",0,"8282"
"809","51-2023.00","Electromechanical Equipment Assemblers",0,"8281"
"810","51-2031.00","Engine and Other Machine Assemblers",0,"8281"
"811","51-2041.00","Structural Metal Fabricators and Fitters",0,"8281"
"812","51-2091.00","Fiberglass Laminators and Fabricators",0,"8284"
"813","51-2092.00","Team Assemblers",0,"8290"
"814","51-2093.00","Timing Device Assemblers and Adjusters",0,"8283"
"815","51-3011.00","Bakers",0,"7412"
"816","51-3021.00","Butchers and Meat Cutters",0,"7411"
"817","51-3022.00","Meat, Poultry, and Fish Cutters and Trimmers",0,"7411"
"818","51-3023.00","Slaughterers and Meat Packers",0,"7411"
"819","51-3091.00","Food and Tobacco Roasting, Baking, and Drying Machine Operators and Tenders",0,"7416"
"820","51-3092.00","Food Batchmakers",0,"8274"
"821","51-3093.00","Food Cooking Machine Operators and Tenders",0,"7414"
"822","51-4011.00","Computer-Controlled Machine Tool Operators, Metal and Plastic",0,"3123"
"823","51-4012.00","Computer Numerically Controlled Machine Tool Programmers, Metal and Plastic",0,"7223"
"824","51-4021.00","Extruding and Drawing Machine Setters, Operators, and Tenders, Metal and Plastic",0,"7223"
"825","51-4022.00","Forging Machine Setters, Operators, and Tenders, Metal and Plastic",0,"7223"
"826","51-4023.00","Rolling Machine Setters, Operators, and Tenders, Metal and Plastic",0,"7223"
"827","51-4031.00","Cutting, Punching, and Press Machine Setters, Operators, and Tenders, Metal and Plastic",0,"7223"
"828","51-4032.00","Drilling and Boring Machine Tool Setters, Operators, and Tenders, Metal and Plastic",0,"7223"
"829","51-4033.00","Grinding, Lapping, Polishing, and Buffing Machine Tool Setters, Operators, and Tenders, Metal and Plastic",0,"7223"
"830","51-4034.00","Lathe and Turning Machine Tool Setters, Operators, and Tenders, Metal and Plastic",0,"7223"
"831","51-4035.00","Milling and Planing Machine Setters, Operators, and Tenders, Metal and Plastic",0,"7223"
"832","51-4041.00","Machinists",0,"8232"
"833","51-4051.00","Metal-Refining Furnace Operators and Tenders",0,"8122"
"834","51-4052.00","Pourers and Casters, Metal",0,"8122"
"835","51-4061.00","Model Makers, Metal and Plastic",0,"7241"
"836","51-4062.00","Patternmakers, Metal and Plastic",0,"7241"
"837","51-4071.00","Foundry Mold and Coremakers",0,"7211"
"838","51-4072.00","Molding, Coremaking, and Casting Machine Setters, Operators, and Tenders, Metal and Plastic",0,"8122"
"839","51-4081.00","Multiple Machine Tool Setters, Operators, and Tenders, Metal and Plastic",0,"7223"
"840","51-4111.00","Tool and Die Makers",0,"7222"
"841","51-4121.06","Welders, Cutters, and Welder Fitters",0,"7212"
"842","51-4121.07","Solderers and Brazers",0,"7212"
"843","51-4122.00","Welding, Soldering, and Brazing Machine Setters, Operators, and Tenders",0,"7212"
"844","51-4191.00","Heat Treating Equipment Setters, Operators, and Tenders, Metal and Plastic",0,"8123"
"845","51-4192.00","Layout Workers, Metal and Plastic",0,"7213"
"846","51-4193.00","Plating and Coating Machine Setters, Operators, and Tenders, Metal and Plastic",0,"8284"
"847","51-4194.00","Tool Grinders, Filers, and Sharpeners",0,"7222"
"848","51-5111.00","Prepress Technicians and Workers",1,"7341"
"849","51-5112.00","Printing Press Operators",0,"8251"
"850","51-5113.00","Print Binding and Finishing Workers",0,"7345"
"851","51-6011.00","Laundry and Dry-Cleaning Workers",0,"8264"
"852","51-6021.00","Pressers, Textile, Garment, and Related Materials",0,"8269"
"853","51-6031.00","Sewing Machine Operators",0,"8263"
"854","51-6041.00","Shoe and Leather Workers and Repairers",0,"7332"
"855","51-6042.00","Shoe Machine Operators and Tenders",0,"8266"
"856","51-6051.00","Sewers, Hand",0,"7332"
"857","51-6052.00","Tailors, Dressmakers, and Custom Sewers",0,"7332"
"858","51-6061.00","Textile Bleaching and Dyeing Machine Operators and Tenders",0,"8264"
"859","51-6062.00","Textile Cutting Machine Setters, Operators, and Tenders",0,"8261"
"860","51-6063.00","Textile Knitting and Weaving Machine Setters, Operators, and Tenders",0,"7431"
"861","51-6064.00","Textile Winding, Twisting, and Drawing Out Machine Setters, Operators, and Tenders",0,"7431"
"862","51-6091.00","Extruding and Forming Machine Setters, Operators, and Tenders, Synthetic and Glass Fibers",0,"8131"
"863","51-6092.00","Fabric and Apparel Patternmakers",1,"7435"
"864","51-6093.00","Upholsterers",0,"7437"
"865","51-7011.00","Cabinetmakers and Bench Carpenters",0,"7331"
"866","51-7021.00","Furniture Finishers",0,"7421"
"867","51-7031.00","Model Makers, Wood",0,"7331"
"868","51-7032.00","Patternmakers, Wood",0,"7331"
"869","51-7041.00","Sawing Machine Setters, Operators, and Tenders, Wood",0,"7423"
"870","51-7042.00","Woodworking Machine Setters, Operators, and Tenders, Except Sawing",0,"7423"
"871","51-8011.00","Nuclear Power Reactor Operators",0,"8161"
"872","51-8012.00","Power Distributors and Dispatchers",0,"8161"
"873","51-8013.00","Power Plant Operators",0,"8161"
"874","51-8021.00","Stationary Engineers and Boiler Operators",0,"8161"
"875","51-8031.00","Water and Wastewater Treatment Plant and System Operators",0,"8163"
"876","51-8091.00","Chemical Plant and System Operators",0,"8159"
"877","51-8092.00","Gas Plant Operators",0,"8161"
"878","51-8093.00","Petroleum Pump System Operators, Refinery Operators, and Gaugers",0,"8155"
"879","51-8099.01","Biofuels Processing Technicians",0,"8163"
"880","51-8099.03","Biomass Plant Technicians",0,"8163"
"881","51-8099.04","Hydroelectric Plant Technicians",0,"8163"
"882","51-9011.00","Chemical Equipment Operators and Tenders",0,"8151"
"883","51-9012.00","Separating, Filtering, Clarifying, Precipitating, and Still Machine Setters, Operators, and Tenders",0,"7413"
"884","51-9021.00","Crushing, Grinding, and Polishing Machine Setters, Operators, and Tenders",0,"8112"
"885","51-9022.00","Grinding and Polishing Workers, Hand",0,"7224"
"886","51-9023.00","Mixing and Blending Machine Setters, Operators, and Tenders",0,"8151"
"887","51-9031.00","Cutters and Trimmers, Hand",0,"7322"
"888","51-9032.00","Cutting and Slicing Machine Setters, Operators, and Tenders",0,"8211"
"889","51-9041.00","Extruding, Forming, Pressing, and Compacting Machine Setters, Operators, and Tenders",0,"8139"
"890","51-9051.00","Furnace, Kiln, Oven, Drier, and Kettle Operators and Tenders",0,"6142"
"891","51-9061.00","Inspectors, Testers, Sorters, Samplers, and Weighers",0,"3152"
"892","51-9071.01","Jewelers",0,"7313"
"893","51-9071.06","Gem and Diamond Workers",1,"7313"
"894","51-9071.07","Precious Metal Workers",0,"7313"
"895","51-9081.00","Dental Laboratory Technicians",0,"3133"
"896","51-9082.00","Medical Appliance Technicians",0,"3133"
"897","51-9083.00","Ophthalmic Laboratory Technicians",1,"3139"
"898","51-9111.00","Packaging and Filling Machine Operators and Tenders",0,"8290"
"899","51-9121.00","Coating, Painting, and Spraying Machine Setters, Operators, and Tenders",0,"8223"
"900","51-9122.00","Painters, Transportation Equipment",0,"7141"
"901","51-9123.00","Painting, Coating, and Decorating Workers",1,"7324"
"902","51-9141.00","Semiconductor Processors",0,"8283"
"903","51-9151.00","Photographic Process Workers and Processing Machine Operators",0,"7344"
"904","51-9191.00","Adhesive Bonding Machine Operators and Tenders",0,"8212"
"905","51-9192.00","Cleaning, Washing, and Metal Pickling Equipment Operators and Tenders",0,"8142"
"906","51-9193.00","Cooling and Freezing Equipment Operators and Tenders",0,"8290"
"907","51-9194.00","Etchers and Engravers",0,"7323"
"908","51-9195.03","Stone Cutters and Carvers, Manufacturing",0,"7321"
"909","51-9195.04","Glass Blowers, Molders, Benders, and Finishers",0,"7321"
"910","51-9195.05","Potters, Manufacturing",0,"7321"
"911","51-9195.07","Molding and Casting Workers",0,"7321"
"912","51-9196.00","Paper Goods Machine Setters, Operators, and Tenders",0,"8143"
"913","51-9197.00","Tire Builders",0,"8231"
"914","51-9198.00","Helpers--Production Workers",0,"9322"
"915","51-9199.01","Recycling and Reclamation Workers",0,"8273"
"916","53-1011.00","Aircraft Cargo Handling Supervisors",0,"1226"
"917","53-1021.00","First-Line Supervisors of Helpers, Laborers, and Material Movers, Hand",1,"1226"
"918","53-1021.01","Recycling Coordinators",0,"1226"
"919","53-1031.00","First-Line Supervisors of Transportation and Material-Moving Machine and Vehicle Operators",1,"1226"
"920","53-2011.00","Airline Pilots, Copilots, and Flight Engineers",0,"3143"
"921","53-2012.00","Commercial Pilots",0,"3143"
"922","53-2021.00","Air Traffic Controllers",1,"3144"
"923","53-2022.00","Airfield Operations Specialists",0,"3145"
"924","53-2031.00","Flight Attendants",0,"5111"
"925","53-3011.00","Ambulance Drivers and Attendants, Except Emergency Medical Technicians",0,"8322"
"926","53-3021.00","Bus Drivers, Transit and Intercity",0,"8323"
"927","53-3022.00","Bus Drivers, School or Special Client",0,"8323"
"928","53-3031.00","Driver/Sales Workers",0,"9153"
"929","53-3032.00","Heavy and Tractor-Trailer Truck Drivers",0,"8324"
"930","53-3033.00","Light Truck or Delivery Services Drivers",0,"8322"
"931","53-3041.00","Taxi Drivers and Chauffeurs",0,"8322"
"932","53-4011.00","Locomotive Engineers",0,"8311"
"933","53-4012.00","Locomotive Firers",0,"8311"
"934","53-4013.00","Rail Yard Engineers, Dinkey Operators, and Hostlers",0,"8311"
"935","53-4021.00","Railroad Brake, Signal, and Switch Operators",0,"8312"
"936","53-4031.00","Railroad Conductors and Yardmasters",0,"8312"
"937","53-4041.00","Subway and Streetcar Operators",0,"8323"
"938","53-5011.00","Sailors and Marine Oilers",0,"8340"
"939","53-5021.01","Ship and Boat Captains",0,"3142"
"940","53-5021.02","Mates- Ship, Boat, and Barge",0,"3142"
"941","53-5021.03","Pilots, Ship",0,"3142"
"942","53-5022.00","Motorboat Operators",0,"3142"
"943","53-5031.00","Ship Engineers",0,"3141"
"944","53-6011.00","Bridge and Lock Tenders",0,"8333"
"945","53-6021.00","Parking Lot Attendants",0,"8322"
"946","53-6031.00","Automotive and Watercraft Service Attendants",0,"5220"
"947","53-6041.00","Traffic Technicians",0,"3152"
"948","53-6051.01","Aviation Inspectors",0,"3152"
"949","53-6051.07","Transportation Vehicle, Equipment and Systems Inspectors, Except Aviation",0,"3152"
"950","53-6051.08","Freight and Cargo Inspectors",0,"3152"
"951","53-6061.00","Transportation Attendants, Except Flight Attendants",0,"5111"
"952","53-7011.00","Conveyor Operators and Tenders",0,"8331"
"953","53-7021.00","Crane and Tower Operators",0,"8333"
"954","53-7031.00","Dredge Operators",0,"8332"
"955","53-7032.00","Excavating and Loading Machine and Dragline Operators",0,"8332"
"956","53-7033.00","Loading Machine Operators, Underground Mining",0,"9311"
"957","53-7041.00","Hoist and Winch Operators",0,"8334"
"958","53-7051.00","Industrial Truck and Tractor Operators",0,"8324"
"959","53-7061.00","Cleaners of Vehicles and Equipment",0,"9142"
"960","53-7062.00","Laborers and Freight, Stock, and Material Movers, Hand",0,"9333"
"961","53-7063.00","Machine Feeders and Offbearers",0,"8211"
"962","53-7064.00","Packers and Packagers, Hand",0,"9322"
"963","53-7071.00","Gas Compressor and Gas Pumping Station Operators",0,"8155"
"964","53-7072.00","Pump Operators, Except Wellhead Pumpers",0,"8155"
"965","53-7073.00","Wellhead Pumpers",0,"8113"
"966","53-7081.00","Refuse and Recyclable Material Collectors",0,"9161"
"967","53-7111.00","Mine Shuttle Car Operators",0,"7111"
"968","53-7121.00","Tank Car, Truck, and Ship Loaders",0,"9333"
"969","11-1011","Chief Executives",1,"1130"
"970","11-1011","Chief Executives",1,"1210"
"971","11-1021","General and Operations Managers",1,"1311"
"972","11-1021","General and Operations Managers",1,"1312"
"973","11-1021","General and Operations Managers",1,"1313"
"974","11-1021","General and Operations Managers",1,"1314"
"975","11-1031","Legislators",1,"1110"
"976","11-3051","Industrial Production Managers",0,"1312"
"977","11-9013","Nursery and Greenhouse Managers",0,"1311"
"978","11-9013","Nursery and Greenhouse Managers",0,"6112"
"979","11-9013","Nursery and Greenhouse Managers",0,"6114"
"980","11-9013","Nursery and Greenhouse Managers",0,"6122"
"981","11-9013","Nursery and Greenhouse Managers",0,"6123"
"982","11-9013","Nursery and Greenhouse Managers",0,"6124"
"983","11-9013","Nursery and Greenhouse Managers",0,"1311"
"984","11-9013","Nursery and Greenhouse Managers",0,"6112"
"985","11-9013","Nursery and Greenhouse Managers",0,"6114"
"986","11-9013","Nursery and Greenhouse Managers",0,"6122"
"987","11-9013","Nursery and Greenhouse Managers",0,"6123"
"988","11-9013","Nursery and Greenhouse Managers",0,"6124"
"989","11-9021","Construction Managers",0,"1313"
"990","11-9199","Regulatory Affairs Managers",1,"1229"
"991","11-9199","Regulatory Affairs Managers",1,"1141"
"992","13-1071","Human Resources Specialists",1,"3423"
"993","15-1199","Software Quality Assurance Engineers and Testers",1,"2139"
"994","17-2041","Chemical Engineers",0,"2146"
"995","17-3023","Electronics Engineering Technicians",0,"3114"
"996","17-3024","Electro-Mechanical Technicians",0,"3114"
"997","19-3094","Political Scientists",1,"1141"
"998","19-4011","Agricultural Technicians",0,"3212"
"999","19-4021","Biological Technicians",0,"3212"
"1000","19-4091","Environmental Science and Protection Technicians, Including Health",0,"3212"
"1001","19-4093","Forest and Conservation Technicians",0,"3212"
"1002","23-2010","Paralegals and Legal Assistants",1,"2429"
"1003","25-2011","Preschool Teachers, Except Special Education",1,"2332"
"1004","25-9041","Teacher Assistants",1,"3330"
"1005","27-2031","Dancers",0,"3473"
"1006","27-2042","Singers",0,"3473"
"1009","27-3011","Radio and Television Announcers",0,"3472"
"1010","27-3012","Public Address System and Other Announcers",1,"3472"
"1011","29-1051","Pharmacists",0,"2224"
"1012","29-1141","Registered Nurses",0,"3232"
"1013","29-1131","Veterinarians",0,"2223"
"1014","29-2061","Licensed Practical and Licensed Vocational Nurses",0,"3232"
"1015","31-1011","Home Health Aides",0,"5133"
"1016","31-1015","Orderlies",0,"5133"
"1017","31-9096","Veterinary Assistants and Laboratory Animal Caretakers",0,"5139"
"1018","33-3051","Police Patrol Officers",0,"5162"
"1019","33-3052","Transit and Railroad Police",0,"5162"
"1020","37-2011","Janitors and Cleaners, Except Maids and Housekeeping Cleaners",0,"9162"
"1021","39-3091","Amusement and Recreation Attendants",0,"5152"
"1023","39-9011","Childcare Workers",1,"5131"
"1024","39-9021","Personal Care Aides",0,"5133"
"1026","41-1011","First-Line Supervisors of Retail Sales Workers",0,"1314"
"1027","41-1012","First-Line Supervisors of Non-Retail Sales Workers",1,"1314"
"1028","41-3041","Travel Agents",0,"4221"
"1029","41-9091","Door-To-Door Sales Workers, News and Street Vendors, and Related Workers",0,"9112"
"1031","43-4181","Reservation and Transportation Ticket Agents and Travel Clerks",0,"4221"
"1032","43-6011","Executive Secretaries and Executive Administrative Assistants",1,"4115"
"1033","43-6012","Legal Secretaries",1,"4115"
"1034","43-6013","Medical Secretaries",1,"4115"
"1035","43-6014","Secretaries and Administrative Assistants, Except Legal, Medical, and Executive",1,"4115"
"1036","43-9022","Word Processors and Typists",1,"4112"
"1037","43-9031","Desktop Publishers",1,"4112"
"1040","45-1011","First-Line Supervisors of Logging Workers",0,"1311"
"1041","45-2021","Animal Breeders",0,"6124"
"1043","45-2041","Graders and Sorters, Agricultural Products",0,"7441"
"1044","45-2092","Nursery Workers",0,"6112"
"1045","45-2092","Nursery Workers",0,"6114"
"1046","45-2093","Farmworkers, Farm, Ranch, and Aquacultural Animals",0,"6122"
"1047","45-2093","Farmworkers, Farm, Ranch, and Aquacultural Animals",0,"6123"
"1048","45-2093","Farmworkers, Farm, Ranch, and Aquacultural Animals",0,"6124"
"1049","45-2093","Farmworkers, Farm, Ranch, and Aquacultural Animals",0,"6151"
"1050","45-3011","Fishers and Related Fishing Workers",0,"6153"
"1051","45-3011","Fishers and Related Fishing Workers",0,"9213"
"1052","45-3021","Hunters and Trappers",0,"9213"
"1053","45-2092","Farmworkers and Laborers, Crop, Nursery, and Greenhouse",0,"9212"
"1054","47-1011","First-Line Supervisors of Construction Trades and Extraction Workers",0,"1313"
"1055","47-2141","Painters, Construction and Maintenance",0,"7142"
"1056","47-5013","Service Unit Operators, Oil, Gas, and Mining",0,"8111"
"1057","47-5031","Explosives Workers, Ordnance Handling Experts, and Blasters",0,"8222"
"1058","47-5041","Continuous Mining Machine Operators",0,"8111"
"1059","47-5042","Mine Cutting and Channeling Machine Operators",0,"8111"
"1060","47-5042","Mine Cutting and Channeling Machine Operators",0,"8111"
"1061","47-2180","Roofers",0,"7121"
"1062","51-1011","First-Line Supervisors of Production and Operating Workers",0,"1312"
"1067","51-3022","Meat, Poultry, and Fish Cutters and Trimmers",0,"8271"
"1068","51-3091","Food and Tobacco Roasting, Baking, and Drying Machine Operators and Tenders",0,"8271"
"1069","51-3091","Food and Tobacco Roasting, Baking, and Drying Machine Operators and Tenders",0,"8277"
"1070","51-3091","Food and Tobacco Roasting, Baking, and Drying Machine Operators and Tenders",0,"8279"
"1071","51-3092","Food Batchmakers",0,"8275"
"1072","51-3093","Food Cooking Machine Operators and Tenders",0,"8271"
"1073","51-3093","Food Cooking Machine Operators and Tenders",0,"8277"
"1074","51-4011","Computer-Controlled Machine Tool Operators, Metal and Plastic",0,"8172"
"1075","51-4021","Extruding and Drawing Machine Setters, Operators, and Tenders, Metal and Plastic",0,"8124"
"1076","51-4191","Heat Treating Equipment Setters, Operators, and Tenders, Metal and Plastic",0,"8152"
"1077","51-5113","Print Binding and Finishing Workers",0,"8252"
"1078","51-5111","Prepress Technicians and Workers",1,"7342"
"1079","51-5111","Prepress Technicians and Workers",1,"7343"
"1080","51-6041","Shoe and Leather Workers and Repairers",0,"7442"
"1081","51-6051","Sewers, Hand",0,"7432"
"1082","51-6051","Sewers, Hand",0,"7433"
"1083","51-6052","Tailors, Dressmakers, and Custom Sewers",0,"7433"
"1084","51-6063","Textile Knitting and Weaving Machine Setters, Operators, and Tenders",0,"8262"
"1085","51-5112","Printing Press Operators",0,"7346"
"1088","51-7011","Cabinetmakers and Bench Carpenters",0,"7422"
"1089","51-7011","Cabinetmakers and Bench Carpenters",0,"8285"
"1090","51-7041","Sawing Machine Setters, Operators, and Tenders, Wood",0,"8141"
"1091","51-7041","Sawing Machine Setters, Operators, and Tenders, Wood",0,"8240"
"1092","51-7042","Woodworking Machine Setters, Operators, and Tenders, Except Sawing",0,"8141"
"1093","51-7042","Woodworking Machine Setters, Operators, and Tenders, Except Sawing",0,"8240"
"1095","51-8021","Stationary Engineers and Boiler Operators",0,"8162"
"1096","51-8099","Biofuels Processing Technicians",0,"8229"
"1097","51-9011","Chemical Equipment Operators and Tenders",0,"8221"
"1098","51-9012","Separating, Filtering, Clarifying, Precipitating, and Still Machine Setters, Operators, and Tenders",0,"8153"
"1099","51-9012","Separating, Filtering, Clarifying, Precipitating, and Still Machine Setters, Operators, and Tenders",0,"8154"
"1100","51-9012","Separating, Filtering, Clarifying, Precipitating, and Still Machine Setters, Operators, and Tenders",0,"8221"
"1101","51-9012","Separating, Filtering, Clarifying, Precipitating, and Still Machine Setters, Operators, and Tenders",0,"8272"
"1102","51-9012","Separating, Filtering, Clarifying, Precipitating, and Still Machine Setters, Operators, and Tenders",0,"8278"
"1103","51-9031","Cutters and Trimmers, Hand",0,"7422"
"1104","51-9032","Cutting and Slicing Machine Setters, Operators, and Tenders",0,"8240"
"1105","51-9051","Furnace, Kiln, Oven, Drier, and Kettle Operators and Tenders",0,"8121"
"1106","51-9151","Photographic Process Workers and Processing Machine Operators",0,"8224"
"1107","51-9151","Photographic Process Workers and Processing Machine Operators",0,"8224"
"1108","51-9196","Paper Goods Machine Setters, Operators, and Tenders",0,"8253"
"1109","51-9199","Recycling and Reclamation Workers",0,"8276"
"1110","51-9199","Recycling and Reclamation Workers",0,"7424"
"1113","53-7063","Machine Feeders and Offbearers",0,"8221"
"1114","53-7063","Machine Feeders and Offbearers",0,"8222"
"1115","53-7063","Machine Feeders and Offbearers",0,"8224"
"1116","53-7063","Machine Feeders and Offbearers",0,"8240"
"1117","53-7063","Machine Feeders and Offbearers",0,"8252"
"1118","53-7063","Machine Feeders and Offbearers",0,"8253"
"1119","53-7063","Machine Feeders and Offbearers",0,"8262"
"1120","53-7063","Machine Feeders and Offbearers",0,"8265"
"1121","53-7063","Machine Feeders and Offbearers",0,"8271"
"1122","53-7063","Machine Feeders and Offbearers",0,"8272"
"1123","53-7063","Machine Feeders and Offbearers",0,"8275"
"1124","53-7063","Machine Feeders and Offbearers",0,"8276"
"1125","53-7063","Machine Feeders and Offbearers",0,"8277"
"1126","53-7063","Machine Feeders and Offbearers",0,"8278"
"1127","53-7063","Machine Feeders and Offbearers",0,"8279"
"1131","45-2092","Nursery Workers",0,"6210"
"1132","45-2093","Farmworkers, Farm, Ranch, and Aquacultural Animals",0,"6210"
"1133","25-2011","Preschool Teachers, Except Special Education",1,"2330"
"1134","41-2031","Shop, stall and market salespersons and demonstrators",0,"5220"
"1135","15-1199","Computer associate professionals",1,"3120"
"1136","53-6099","Transport labourers and freight handlers",0,"9330"
"1137","15-1199","Computing professionals",1,"2130"
"1138","43-3031","Numerical clerks",1,"4120"
"1139","53-7062","Manufacturing labourers",0,"9320"
"1140","43-6010","Secretaries",1,"4115"
"1141","37-2011","Helpers and cleaners in offices, hotels and other establishments",0,"9132"
"1142","53-3040","Car, taxi and van drivers",0,"8322"
"1143","51-8013","Power-production and related plant operators",0,"8160"
"1144","11-2020","Sales and marketing managers",1,"1233"
"1145","25-2050","Special education teaching professionals",1,"2340"
"1146","49-9041","Machinery mechanics and fitters",0,"7230"
"1147","43-4171","Client information clerks",0,"4220"
"1148","25-2031","Secondary education teaching professionals",1,"2320"
"1149","19-2000","Physicists, chemists and related professionals",0,"2110"
"1150","19-4060","Social science and related professionals",1,"2440"
"1151","51-9199","Potters, glass-makers and related trades workers",0,"7320"
"1152","13-1000","Business professionals",1,"2412"
"1153","17-3020","Physical and engineering science technicians",0,"3110"
"1154","11-3000","Production and operations managers in business services enterprises",0,"1227"
"1155","11-3020","Computing services managers",1,"1236"
"1156","39-9010","Child-care workers",1,"5131"
"1157","39-5012","Hairdressers, barbers, beauticians and related workers",0,"5141"
"1158","53-3032","Lifting-truck operators",0,"8334"
"1159","51-9010","Mineral-ore and stone-processing-plant operators",0,"8112"
"1160","49-3090","Motor vehicle mechanics and fitters",0,"7231"
"1161","47-5040","Machine-tool operators",0,"8211"
"1162","43-6010","Secretaries and keyboard-operating clerks",1,"4110"
"1163","37-2012","Domestic helpers and cleaners",0,"9131"
"1164","11-3050","Production and operations managers in manufacturing",0,"1222"
"1165","41-3090","Technical and commercial sales representatives",0,"3415"
"1166","19-2031","Chemists",0,"2113"
"1167","27-2021","Athletes, sports persons and related associate professionals",0,"3475"
"1168","19-1090","Life science technicians and related associate professional",0,"3210"
"1169","27-1029","Decorators and commercial designers",0,"3471"
"1170","43-3070","Cashiers, tellers and related clerks",0,"4210"
"1171","11-1020","Production and operations managers in wholesale and retail trade",1,"1224"
"1172","19-4090","Physical and engineering science technicians not elsewhere classified",0,"3119"
"1173","17-2050","Civil engineers",0,"2142"
"1174","27-1025","Decorators and commercial designers",0,"3417"
"1175","51-9011","Chemical-processing-plant operators",0,"8150"
"1176","19-3051","Architects, town and traffic planners",1,"2141"
"1177","23-2011","Legal and related business associate professionals",1,"3432"
"1178","43-4070","Other office clerks",1,"4190"
"1179","45-2092","Gardeners, horticultural and nursery growers",0,"6112"
"1180","53-2021","Air traffic controllers",0,"3144"
"1181","31-1131","Nursing associate professionals",0,"3231"
"1182","11-3031","Finance and administration department managers",1,"1231"
"1183","11-3031","STATIONARY-PLANT AND RELATED OPERATORS",0,"8100"
"1184","13-2081","Customs, tax and related government associate professionals not elsewhere classified",1,"3449"
"1185","25-4022","Librarians and related information professionals",1,"2432"
"1186","51-3011","Bakers, pastry-cooks and confectionery makers",0,"7412"
"1187","43-4171","Receptionists and information clerks",1,"4222"
"1188","29-1249","Medical doctors",0,"2221"
"1189","11-1021","SENIOR OFFICIALS OF SPECIAL-INTEREST ORGANISATIONS",1,"1140"
"1190","35-3031","Waiters, waitresses and bartenders",0,"5123"
"1191","41-2031","Shop salespersons and demonstrators",0,"5220"
"1192","41-3031","Finance and sales associate professionals not elsewhere classified",1,"3419"
"1193","31-1122","Institution-based personal care workers",0,"5132"
"1194","21-1029","Social work associate professionals",1,"3460"
"1195","25-9049","Other teaching professionals not elsewhere classified",1,"2359"
"1196","25-1199","College, university and higher education teaching professionals",1,"2310"
"1197","33-9032","Doorkeepers, watchpersons and related workers",0,"9152"
"1198","47-5049","Other machine operators and assemblers",0,"8290"
"1199","19-3039","Physiotherapists and related associate professionals",1,"3226"
"1200","35-2019","Cooks",0,"5122"
"1201","43-5021","Messengers, package and luggage porters and deliverers",0,"9151"
"1202","11-1021","General managers not elsewhere classified",1,"1319"
"1203","13-1199","Business professionals not elsewhere classified",1,"2419"
"1204","43-4121","Library and filing clerks",1,"4141"
"1205","25-9049","Other teaching associate professionals",1,"3340"
"1206","25-9049","Other teaching associate professionals",1,"3340"
"1207","23-2099","LEGAL PROFESSIONALS",1,"2420"
"1208","11-9199","Other department managers not elsewhere classified",1,"1239"
"1209","11-3121","Personnel and industrial relations department managers",1,"1232"
"1210","53-3032","Heavy-truck and lorry drivers",0,"8324"
"1211","47-2061","Building construction labourers",0,"9313"
"1212","47-2111","Building and related electricians",0,"7137"
"1213","47-2031","Carpenters and joiners",0,"7124"
"1214","51-3093","FOOD AND RELATED PRODUCTS MACHINE OPERATORS",0,"8270"
"1215","43-6011","Public service administrative professionals",1,"2470"
"1216","29-9099","MODERN HEALTH ASSOCIATE PROFESSIONALS (except nursing)",0,"3220"
"1217","45-2091","AGRICULTURAL AND OTHER MOBILE-PLANT OPERATORS",0,"8330"
"1218","27-1019","ARTISTIC, ENTERTAINMENT AND SPORTS ASSOCIATE PROFESSIONALS",0,"3470"
"1219","45-2099","AGRICULTURAL, FISHERY AND RELATED LABOURERS",0,"9210"
"1220","00-0000","Armed forces",0,"100"
"1221","45-2099","FISHERY WORKERS, HUNTERS AND TRAPPERS",0,"6150"
"1222","39-6011","MESSENGERS, PORTERS, DOORKEEPERS AND RELATED WORKERS",0,"9150"
"1223","51-4051","METAL-PROCESSING-PLANT OPERATORS",0,"8120"
"1224","27-1012","HANDICRAFT WORKERS IN WOOD,TEXTILE, LEATHER AND RELATED MATERIALS",0,"7330"
"1225","51-9196","WOOD-PROCESSING- AND PAPERMAKING-PLANT OPERATORS",0,"8140"
"1226","51-6063","TEXTILE-, FUR- AND LEATHER-PRODUCTS MACHINE OPERATORS",0,"8260"
"1227","53-2031","TRAVEL ATTENDANTS AND RELATED WORKERS",0,"5110"
"1228","51-6021","TEXTILE, GARMENT AND RELATED TRADES WORKERS",0,"7430"
"1229","51-9021","GLASS, CERAMICS AND RELATED PLANT OPERATORS",0,"8130"
